JobName,ReqMem,ReqCPUs,ReqGPUs,ReqDuration,ActualDuration,Submit
job91545,8000000,1,0,86400,2,1611468193
job91546,8000000,1,0,86400,913,1611468298
job91547,48000000,2,0,129600,21,1611468368
job91548,48000000,2,0,129600,14,1611470499
job91549,48000000,2,0,129600,4,1611471243
job91550,48000000,2,0,129600,4285,1611472881
job91551,10000000,10,0,7200,2,1611500653
job91552,40000000,10,0,18000,563,1611500654
job91553,10000000,10,0,7200,3,1611502939
job91554,40000000,10,0,18000,1,1611502941
job91555,10000000,10,0,7200,1,1611503072
job91556,40000000,10,0,18000,341,1611503073
job91557,72000000,36,0,432000,0,1611503326
job91558,20000000,10,0,432000,1,1611503481
job91559,10000000,10,0,7200,1,1611503517
job91560,40000000,10,0,18000,2,1611503518
job91561,10000000,10,0,7200,2,1611503905
job91562,40000000,10,0,18000,3,1611503906
job91563,128000000,1,1,86400,98,1611504155
job91564,50000000,1,0,86400,182,1611504306
job91565,10000000,10,0,7200,2,1611504543
job91566,40000000,10,0,18000,4,1611504544
job91567,128000000,1,1,86400,21,1611504746
job91568,128000000,1,1,86400,20,1611504875
job91569,10000000,10,0,7200,2,1611504891
job91570,40000000,10,0,18000,49,1611504892
job91571,32000000,1,1,604800,20,1611505063
job91572,128000000,1,1,86400,17,1611505069
job91573,128000000,1,1,86400,16,1611505256
job91574,32000000,1,1,604800,3318,1611505306
job91575,10000000,10,0,7200,1,1611505463
job91576,40000000,10,0,18000,568,1611505463
job91577,48000000,4,0,216000,1649,1611505966
job91578,20000000,20,0,518400,106096,1611506109
job91579,48000000,4,0,216000,1913,1611506156
job91580,50000000,1,0,86400,202,1611506315
job91581,32000000,32,0,172800,99846,1611506329
job91582,128000000,1,1,86400,21,1611506445
job91583,30000000,2,0,295200,13067,1611506968
job91584,30000000,2,0,295200,22259,1611506968
job91585,30000000,2,0,295200,20303,1611506968
job91586,128000000,1,1,86400,20,1611506982
job91587,10000000,10,0,7200,2,1611507055
job91588,40000000,10,0,18000,570,1611507056
job91589,128000000,1,1,86400,20,1611507229
job91590,50000000,1,0,86400,130,1611507423
job91591,50000000,1,0,86400,152,1611507595
job91592,128000000,1,1,86400,21,1611507742
job91593,50000000,1,0,86400,203,1611507793
job91594,128000000,1,1,86400,21,1611507835
job91595,96000000,8,0,1296000,57,1611508467
job91596,128000000,1,1,86400,79,1611508661
job91597,10000000,10,0,7200,2,1611508673
job91598,40000000,10,0,18000,544,1611508674
job91599,32000000,1,1,604800,1835,1611508815
job91600,160000000,8,0,1382400,285373,1611508944
job91601,96000000,8,0,1296000,526925,1611509080
job91602,128000000,1,1,86400,20,1611509171
job91603,50000000,1,0,86400,1,1611509198
job91604,10000000,10,0,7200,2,1611509289
job91605,40000000,10,0,18000,652,1611509291
job91606,128000000,1,1,86400,20,1611509318
job91607,128000000,1,1,86400,21,1611509487
job91608,2000000,8,1,2419200,11,1611509900
job91609,50000000,1,0,86400,211,1611510491
job91610,48000000,4,0,129600,1,1611510546
job91611,48000000,4,0,129600,34,1611510636
job91612,2000000,8,1,2419200,2,1611510712
job91613,32000000,1,1,604800,23305,1611510749
job91614,48000000,4,0,129600,4150,1611510803
job91615,50000000,4,0,36000,916,1611511027
job91616,2000000,8,1,2419200,2,1611511092
job91617,50000000,1,0,86400,190,1611511136
job91618,2000000,8,1,2419200,2,1611511259
job91619,2000000,8,1,2419200,796,1611511368
job91620,50000000,1,0,86400,176,1611511462
job91621,50000000,4,0,36000,2126,1611511959
job91622,2000000,8,1,2419200,4,1611512075
job91623,128000000,1,1,86400,93,1611512096
job91624,50000000,1,0,86400,186,1611512155
job91625,2000000,8,1,2419200,2,1611512178
job91626,2000000,8,1,2419200,825,1611512302
job91627,48000000,4,0,129600,194,1611512489
job91628,48000000,4,0,129600,4891,1611512489
job91629,48000000,4,0,129600,6132,1611512489
job91630,48000000,4,0,129600,6931,1611512489
job91631,48000000,4,0,129600,8503,1611512490
job91632,48000000,4,0,129600,9448,1611512490
job91633,48000000,4,0,129600,38,1611512490
job91634,48000000,4,0,129600,8159,1611512580
job91635,128000000,1,1,86400,20,1611512641
job91636,2000000,8,1,2419200,345761,1611512754
job91637,25000000,5,0,28800,4,1611512830
job91638,128000000,1,1,86400,22,1611513039
job91639,96000000,24,0,82800,27571,1611513170
job91640,50000000,1,0,86400,1,1611513234
job91641,50000000,1,0,86400,1,1611513336
job91642,25000000,5,0,28800,9,1611513344
job91643,50000000,1,0,86400,2,1611513492
job91644,128000000,1,1,86400,20,1611513503
job91645,50000000,1,0,86400,1,1611513632
job91646,50000000,1,0,86400,98,1611513719
job91647,50000000,1,0,86400,504,1611513846
job91648,128000000,1,1,86400,3,1611513921
job91649,128000000,1,1,86400,20,1611513984
job91650,2000000,8,1,2419200,2112,1611513996
job91651,25000000,5,0,28800,8,1611514009
job91652,25000000,5,0,28800,280,1611514109
job91653,25000000,5,0,28800,15,1611515232
job91654,25000000,5,0,28800,4,1611515433
job91655,25000000,5,0,28800,281,1611515469
job91656,128000000,1,1,86400,92,1611515620
job91657,2000000,8,1,2419200,484015,1611516086
job91658,25000000,5,0,28800,273,1611516087
job91659,4000000,4,0,172800,8383,1611516532
job91660,4000000,4,0,172800,8383,1611516532
job91661,4000000,4,0,172800,8383,1611516532
job91662,4000000,4,0,172800,8383,1611516532
job91663,4000000,4,0,172800,8383,1611516532
job91664,4000000,4,0,172800,8383,1611516532
job91665,4000000,4,0,172800,8383,1611516532
job91666,4000000,4,0,172800,8383,1611516532
job91667,128000000,1,1,86400,22,1611516611
job91668,4000000,1,0,72000,51423,1611517090
job91669,4000000,1,0,72000,3828,1611517090
job91670,4000000,1,0,72000,3627,1611517090
job91671,4000000,1,0,72000,2741,1611517090
job91672,4000000,1,0,72000,3462,1611517090
job91673,4000000,1,0,72000,3032,1611517090
job91674,4000000,1,0,72000,4247,1611517090
job91675,4000000,1,0,72000,23017,1611517090
job91676,4000000,1,0,72000,4977,1611517090
job91677,4000000,1,0,72000,4337,1611517090
job91678,4000000,1,0,72000,4337,1611517090
job91679,4000000,1,0,72000,4337,1611517090
job91680,4000000,1,0,72000,4152,1611517090
job91681,4000000,1,0,72000,52865,1611517090
job91682,4000000,1,0,72000,4150,1611517090
job91683,4000000,1,0,72000,4412,1611517090
job91684,4000000,1,0,72000,4412,1611517090
job91685,4000000,1,0,72000,58158,1611517090
job91686,4000000,1,0,72000,4652,1611517090
job91687,4000000,1,0,72000,4652,1611517090
job91688,4000000,1,0,72000,4652,1611517090
job91689,4000000,1,0,72000,4652,1611517090
job91690,4000000,1,0,72000,4585,1611517090
job91691,4000000,1,0,72000,4585,1611517090
job91692,4000000,1,0,72000,4585,1611517090
job91693,4000000,1,0,72000,4329,1611517090
job91694,4000000,1,0,72000,4329,1611517090
job91695,4000000,1,0,72000,4329,1611517090
job91696,4000000,1,0,72000,4157,1611517090
job91697,4000000,1,0,72000,4492,1611517090
job91698,4000000,1,0,72000,4492,1611517090
job91699,4000000,1,0,72000,4492,1611517090
job91700,4000000,1,0,72000,4196,1611517090
job91701,4000000,1,0,72000,4196,1611517090
job91702,4000000,1,0,72000,4354,1611517090
job91703,4000000,1,0,72000,4154,1611517090
job91704,4000000,1,0,72000,42038,1611517090
job91705,4000000,1,0,72000,28056,1611517090
job91706,4000000,1,0,72000,60737,1611517090
job91707,4000000,1,0,72000,35887,1611517090
job91708,4000000,1,0,72000,4245,1611517090
job91709,4000000,1,0,72000,16330,1611517090
job91710,4000000,1,0,72000,66517,1611517090
job91711,4000000,1,0,72000,4228,1611517090
job91712,4000000,1,0,72000,4228,1611517090
job91713,4000000,1,0,72000,9605,1611517090
job91714,4000000,1,0,72000,4407,1611517090
job91715,4000000,1,0,72000,4406,1611517090
job91716,4000000,1,0,72000,22480,1611517090
job91717,4000000,1,0,72000,5846,1611517090
job91718,4000000,1,0,72000,24477,1611517090
job91719,4000000,1,0,72000,29660,1611517090
job91720,4000000,1,0,72000,6244,1611517090
job91721,4000000,1,0,72000,6244,1611517090
job91722,4000000,1,0,72000,6244,1611517090
job91723,4000000,1,0,72000,6244,1611517090
job91724,4000000,1,0,72000,6244,1611517090
job91725,4000000,1,0,72000,3930,1611517090
job91726,4000000,1,0,72000,58988,1611517090
job91727,4000000,1,0,72000,4363,1611517090
job91728,4000000,1,0,72000,49021,1611517090
job91729,4000000,1,0,72000,57295,1611517090
job91730,4000000,1,0,72000,5885,1611517090
job91731,4000000,1,0,72000,5885,1611517090
job91732,4000000,1,0,72000,6233,1611517090
job91733,4000000,1,0,72000,6233,1611517090
job91734,4000000,1,0,72000,6233,1611517090
job91735,4000000,1,0,72000,6233,1611517090
job91736,4000000,1,0,72000,14310,1611517090
job91737,4000000,1,0,72000,6234,1611517090
job91738,4000000,1,0,72000,60636,1611517090
job91739,4000000,1,0,72000,54543,1611517090
job91740,4000000,1,0,72000,29458,1611517090
job91741,4000000,1,0,72000,6007,1611517090
job91742,4000000,1,0,72000,3914,1611517090
job91743,4000000,1,0,72000,6333,1611517090
job91744,4000000,1,0,72000,6333,1611517090
job91745,4000000,1,0,72000,6332,1611517090
job91746,4000000,1,0,72000,6333,1611517090
job91747,4000000,1,0,72000,6333,1611517090
job91748,4000000,1,0,72000,6333,1611517090
job91749,4000000,1,0,72000,5709,1611517090
job91750,4000000,1,0,72000,55683,1611517090
job91751,4000000,1,0,72000,5708,1611517090
job91752,4000000,1,0,72000,5708,1611517090
job91753,4000000,1,0,72000,5708,1611517090
job91754,4000000,1,0,72000,6203,1611517090
job91755,4000000,1,0,72000,6203,1611517090
job91756,4000000,1,0,72000,6203,1611517090
job91757,4000000,1,0,72000,44985,1611517090
job91758,4000000,1,0,72000,6203,1611517090
job91759,4000000,1,0,72000,6203,1611517090
job91760,4000000,1,0,72000,70983,1611517090
job91761,4000000,1,0,72000,5780,1611517090
job91762,4000000,1,0,72000,3824,1611517090
job91763,4000000,1,0,72000,28402,1611517090
job91764,4000000,1,0,72000,6029,1611517090
job91765,4000000,1,0,72000,6035,1611517090
job91766,4000000,1,0,72000,6029,1611517090
job91767,4000000,1,0,72000,6033,1611517090
job91768,4000000,1,0,72000,6035,1611517090
job91769,4000000,1,0,72000,6053,1611517090
job91770,4000000,1,0,72000,6053,1611517090
job91771,4000000,1,0,72000,6053,1611517090
job91772,4000000,1,0,72000,6053,1611517090
job91773,4000000,1,0,72000,58700,1611517090
job91774,4000000,1,0,72000,6053,1611517090
job91775,4000000,1,0,72000,4626,1611517090
job91776,4000000,1,0,72000,28066,1611517090
job91777,4000000,1,0,72000,5804,1611517090
job91778,4000000,1,0,72000,5805,1611517090
job91779,4000000,1,0,72000,5805,1611517090
job91780,4000000,1,0,72000,3851,1611517090
job91781,4000000,1,0,72000,60300,1611517090
job91782,4000000,1,0,72000,5392,1611517090
job91783,4000000,1,0,72000,6202,1611517090
job91784,4000000,1,0,72000,6201,1611517090
job91785,4000000,1,0,72000,6202,1611517090
job91786,4000000,1,0,72000,6202,1611517090
job91787,4000000,1,0,72000,6202,1611517090
job91788,4000000,1,0,72000,59354,1611517090
job91789,4000000,1,0,72000,58824,1611517090
job91790,4000000,1,0,72000,4297,1611517090
job91791,4000000,1,0,72000,6311,1611517090
job91792,4000000,1,0,72000,6312,1611517090
job91793,4000000,1,0,72000,6312,1611517090
job91794,4000000,1,0,72000,6312,1611517090
job91795,4000000,1,0,72000,6312,1611517090
job91796,4000000,1,0,72000,6312,1611517090
job91797,4000000,1,0,72000,4234,1611517090
job91798,4000000,1,0,72000,4650,1611517090
job91799,4000000,1,0,72000,4650,1611517090
job91800,4000000,1,0,72000,4650,1611517090
job91801,4000000,1,0,72000,4650,1611517090
job91802,4000000,1,0,72000,4454,1611517090
job91803,4000000,1,0,72000,4455,1611517090
job91804,4000000,1,0,72000,70020,1611517090
job91805,4000000,1,0,72000,4640,1611517090
job91806,4000000,1,0,72000,4646,1611517090
job91807,4000000,1,0,72000,4656,1611517090
job91808,4000000,1,0,72000,5570,1611517090
job91809,4000000,1,0,72000,5570,1611517090
job91810,4000000,1,0,72000,5570,1611517090
job91811,4000000,1,0,72000,70032,1611517090
job91812,4000000,1,0,72000,5570,1611517090
job91813,4000000,1,0,72000,6241,1611517090
job91814,4000000,1,0,72000,6241,1611517090
job91815,4000000,1,0,72000,6241,1611517090
job91816,4000000,1,0,72000,6241,1611517090
job91817,4000000,1,0,72000,6241,1611517090
job91818,4000000,1,0,72000,6241,1611517090
job91819,4000000,1,0,72000,6086,1611517090
job91820,4000000,1,0,72000,51005,1611517090
job91821,4000000,1,0,72000,61986,1611517090
job91822,4000000,1,0,72000,6087,1611517090
job91823,4000000,1,0,72000,6087,1611517090
job91824,4000000,1,0,72000,6087,1611517090
job91825,4000000,1,0,72000,6086,1611517090
job91826,4000000,1,0,72000,6086,1611517090
job91827,4000000,1,0,72000,4465,1611517090
job91828,4000000,1,0,72000,4465,1611517090
job91829,4000000,1,0,72000,28429,1611517090
job91830,4000000,1,0,72000,4452,1611517090
job91831,4000000,1,0,72000,4452,1611517090
job91832,4000000,1,0,72000,3738,1611517090
job91833,4000000,1,0,72000,5742,1611517090
job91834,4000000,1,0,72000,5742,1611517090
job91835,4000000,1,0,72000,5742,1611517090
job91836,4000000,1,0,72000,70029,1611517090
job91837,4000000,1,0,72000,9390,1611517090
job91838,4000000,1,0,72000,15179,1611517090
job91839,4000000,1,0,72000,36,1611517090
job91840,4000000,1,0,72000,32,1611517090
job91841,4000000,1,0,72000,33,1611517090
job91842,4000000,1,0,72000,32,1611517090
job91843,4000000,1,0,72000,32,1611517090
job91844,4000000,1,0,72000,32,1611517090
job91845,4000000,1,0,72000,33,1611517090
job91846,4000000,1,0,72000,32,1611517090
job91847,4000000,1,0,72000,33,1611517090
job91848,4000000,1,0,72000,33,1611517090
job91849,4000000,1,0,72000,33,1611517090
job91850,4000000,1,0,72000,33,1611517090
job91851,4000000,1,0,72000,33,1611517090
job91852,4000000,1,0,72000,33,1611517090
job91853,4000000,1,0,72000,33,1611517090
job91854,4000000,1,0,72000,33,1611517090
job91855,4000000,1,0,72000,33,1611517090
job91856,4000000,1,0,72000,34,1611517090
job91857,4000000,1,0,72000,34,1611517090
job91858,4000000,1,0,72000,34,1611517090
job91859,4000000,1,0,72000,34,1611517090
job91860,4000000,1,0,72000,35,1611517090
job91861,4000000,1,0,72000,34,1611517090
job91862,4000000,1,0,72000,35,1611517090
job91863,4000000,1,0,72000,35,1611517090
job91864,4000000,1,0,72000,35,1611517090
job91865,4000000,1,0,72000,35,1611517090
job91866,4000000,1,0,72000,35,1611517090
job91867,4000000,1,0,72000,35,1611517090
job91868,4000000,1,0,72000,35,1611517090
job91869,4000000,1,0,72000,36,1611517090
job91870,4000000,1,0,72000,36,1611517090
job91871,4000000,1,0,72000,36,1611517090
job91872,4000000,1,0,72000,36,1611517090
job91873,4000000,1,0,72000,36,1611517090
job91874,4000000,1,0,72000,36,1611517090
job91875,4000000,1,0,72000,36,1611517090
job91876,4000000,1,0,72000,37,1611517090
job91877,4000000,1,0,72000,37,1611517090
job91878,4000000,1,0,72000,37,1611517090
job91879,4000000,1,0,72000,37,1611517090
job91880,4000000,1,0,72000,37,1611517090
job91881,4000000,1,0,72000,37,1611517090
job91882,4000000,1,0,72000,38,1611517090
job91883,4000000,1,0,72000,38,1611517090
job91884,4000000,1,0,72000,38,1611517090
job91885,4000000,1,0,72000,41,1611517090
job91886,4000000,1,0,72000,38,1611517090
job91887,4000000,1,0,72000,38,1611517090
job91888,4000000,1,0,72000,38,1611517090
job91889,4000000,1,0,72000,39,1611517090
job91890,4000000,1,0,72000,39,1611517090
job91891,4000000,1,0,72000,39,1611517090
job91892,4000000,1,0,72000,39,1611517090
job91893,4000000,1,0,72000,39,1611517090
job91894,4000000,1,0,72000,39,1611517090
job91895,4000000,1,0,72000,39,1611517090
job91896,4000000,1,0,72000,39,1611517090
job91897,4000000,1,0,72000,40,1611517090
job91898,4000000,1,0,72000,40,1611517090
job91899,4000000,1,0,72000,40,1611517090
job91900,4000000,1,0,72000,40,1611517090
job91901,4000000,1,0,72000,40,1611517090
job91902,4000000,1,0,72000,40,1611517090
job91903,4000000,1,0,72000,39,1611517090
job91904,4000000,1,0,72000,40,1611517090
job91905,4000000,1,0,72000,40,1611517090
job91906,4000000,1,0,72000,40,1611517090
job91907,4000000,1,0,72000,40,1611517090
job91908,4000000,1,0,72000,40,1611517090
job91909,4000000,1,0,72000,40,1611517090
job91910,4000000,1,0,72000,5062,1611517090
job91911,4000000,1,0,72000,70023,1611517090
job91912,4000000,1,0,72000,5062,1611517090
job91913,4000000,1,0,72000,5062,1611517090
job91914,4000000,1,0,72000,6510,1611517090
job91915,4000000,1,0,72000,5009,1611517090
job91916,4000000,1,0,72000,15225,1611517090
job91917,4000000,1,0,72000,43496,1611517090
job91918,4000000,1,0,72000,5947,1611517090
job91919,4000000,1,0,72000,5946,1611517090
job91920,4000000,1,0,72000,5947,1611517090
job91921,4000000,1,0,72000,5947,1611517090
job91922,4000000,1,0,72000,4028,1611517090
job91923,4000000,1,0,72000,4309,1611517090
job91924,4000000,1,0,72000,4309,1611517090
job91925,4000000,1,0,72000,4376,1611517090
job91926,4000000,1,0,72000,4375,1611517090
job91927,4000000,1,0,72000,4288,1611517090
job91928,4000000,1,0,72000,5337,1611517090
job91929,4000000,1,0,72000,5337,1611517090
job91930,4000000,1,0,72000,5337,1611517090
job91931,4000000,1,0,72000,7141,1611517090
job91932,4000000,1,0,72000,24488,1611517090
job91933,4000000,1,0,72000,16249,1611517090
job91934,4000000,1,0,72000,18650,1611517090
job91935,4000000,1,0,72000,7140,1611517090
job91936,4000000,1,0,72000,26540,1611517090
job91937,4000000,1,0,72000,14716,1611517090
job91938,4000000,1,0,72000,7142,1611517090
job91939,4000000,1,0,72000,7141,1611517090
job91940,4000000,1,0,72000,7141,1611517090
job91941,4000000,1,0,72000,7141,1611517090
job91942,4000000,1,0,72000,7141,1611517090
job91943,4000000,1,0,72000,7140,1611517090
job91944,4000000,1,0,72000,38981,1611517090
job91945,4000000,1,0,72000,7141,1611517090
job91946,4000000,1,0,72000,7140,1611517090
job91947,4000000,1,0,72000,7141,1611517090
job91948,4000000,1,0,72000,7141,1611517090
job91949,4000000,1,0,72000,7140,1611517090
job91950,4000000,1,0,72000,7141,1611517090
job91951,4000000,1,0,72000,12676,1611517090
job91952,4000000,1,0,72000,7140,1611517090
job91953,4000000,1,0,72000,32604,1611517090
job91954,4000000,1,0,72000,70018,1611517090
job91955,4000000,1,0,72000,7140,1611517090
job91956,4000000,1,0,72000,24781,1611517090
job91957,4000000,1,0,72000,21774,1611517090
job91958,4000000,1,0,72000,7140,1611517090
job91959,4000000,1,0,72000,7140,1611517090
job91960,4000000,1,0,72000,52251,1611517090
job91961,4000000,1,0,72000,46372,1611517090
job91962,4000000,1,0,72000,7141,1611517090
job91963,4000000,1,0,72000,7141,1611517090
job91964,4000000,1,0,72000,7142,1611517090
job91965,4000000,1,0,72000,61468,1611517090
job91966,4000000,1,0,72000,7140,1611517090
job91967,4000000,1,0,72000,28014,1611517090
job91968,4000000,1,0,72000,7140,1611517090
job91969,4000000,1,0,72000,7142,1611517090
job91970,4000000,1,0,72000,7141,1611517090
job91971,4000000,1,0,72000,7140,1611517090
job91972,4000000,1,0,72000,63034,1611517090
job91973,4000000,1,0,72000,4991,1611517090
job91974,4000000,1,0,72000,5086,1611517090
job91975,4000000,1,0,72000,5086,1611517090
job91976,4000000,1,0,72000,5195,1611517090
job91977,4000000,1,0,72000,5195,1611517090
job91978,4000000,1,0,72000,5881,1611517090
job91979,4000000,1,0,72000,5881,1611517090
job91980,4000000,1,0,72000,5881,1611517090
job91981,4000000,1,0,72000,5881,1611517090
job91982,4000000,1,0,72000,36273,1611517090
job91983,4000000,1,0,72000,19702,1611517090
job91984,4000000,1,0,72000,5707,1611517090
job91985,4000000,1,0,72000,5707,1611517090
job91986,4000000,1,0,72000,5707,1611517090
job91987,4000000,1,0,72000,5707,1611517090
job91988,4000000,1,0,72000,56271,1611517090
job91989,4000000,1,0,72000,5707,1611517090
job91990,4000000,1,0,72000,4209,1611517090
job91991,4000000,1,0,72000,29371,1611517090
job91992,4000000,1,0,72000,4560,1611517090
job91993,4000000,1,0,72000,4559,1611517090
job91994,4000000,1,0,72000,4560,1611517090
job91995,4000000,1,0,72000,4054,1611517090
job91996,4000000,1,0,72000,4054,1611517090
job91997,4000000,1,0,72000,51857,1611517090
job91998,4000000,1,0,72000,11949,1611517090
job91999,4000000,1,0,72000,6238,1611517090
job92000,4000000,1,0,72000,6238,1611517090
job92001,4000000,1,0,72000,6238,1611517090
job92002,4000000,1,0,72000,5533,1611517090
job92003,4000000,1,0,72000,6238,1611517090
job92004,4000000,1,0,72000,6238,1611517090
job92005,4000000,1,0,72000,5033,1611517090
job92006,4000000,1,0,72000,44355,1611517090
job92007,4000000,1,0,72000,70025,1611517090
job92008,4000000,1,0,72000,60842,1611517090
job92009,4000000,1,0,72000,59675,1611517090
job92010,4000000,1,0,72000,5459,1611517090
job92011,4000000,1,0,72000,5458,1611517090
job92012,4000000,1,0,72000,31566,1611517090
job92013,4000000,1,0,72000,5459,1611517090
job92014,4000000,1,0,72000,5459,1611517090
job92015,4000000,1,0,72000,4964,1611517090
job92016,4000000,1,0,72000,49167,1611517090
job92017,4000000,1,0,72000,6309,1611517090
job92018,4000000,1,0,72000,6309,1611517090
job92019,4000000,1,0,72000,6309,1611517090
job92020,4000000,1,0,72000,51924,1611517090
job92021,4000000,1,0,72000,32892,1611517090
job92022,4000000,1,0,72000,6309,1611517090
job92023,4000000,1,0,72000,6309,1611517090
job92024,4000000,1,0,72000,6309,1611517090
job92025,4000000,1,0,72000,6310,1611517090
job92026,4000000,1,0,72000,6309,1611517090
job92027,4000000,1,0,72000,6310,1611517090
job92028,4000000,1,0,72000,42794,1611517090
job92029,4000000,1,0,72000,6552,1611517090
job92030,4000000,1,0,72000,71801,1611517090
job92031,4000000,1,0,72000,6552,1611517090
job92032,4000000,1,0,72000,6552,1611517090
job92033,4000000,1,0,72000,6552,1611517090
job92034,4000000,1,0,72000,12245,1611517090
job92035,4000000,1,0,72000,6552,1611517090
job92036,4000000,1,0,72000,6552,1611517090
job92037,4000000,1,0,72000,6553,1611517090
job92038,4000000,1,0,72000,31735,1611517090
job92039,4000000,1,0,72000,6553,1611517090
job92040,4000000,1,0,72000,6553,1611517090
job92041,4000000,1,0,72000,6553,1611517090
job92042,4000000,1,0,72000,4321,1611517090
job92043,4000000,1,0,72000,4321,1611517090
job92044,4000000,1,0,72000,4714,1611517090
job92045,4000000,1,0,72000,4714,1611517090
job92046,4000000,1,0,72000,4714,1611517090
job92047,4000000,1,0,72000,4714,1611517090
job92048,4000000,1,0,72000,4265,1611517090
job92049,4000000,1,0,72000,4642,1611517090
job92050,4000000,1,0,72000,28778,1611517090
job92051,4000000,1,0,72000,5889,1611517090
job92052,4000000,1,0,72000,5889,1611517090
job92053,4000000,1,0,72000,50406,1611517090
job92054,4000000,1,0,72000,5889,1611517090
job92055,4000000,1,0,72000,5889,1611517090
job92056,4000000,1,0,72000,5889,1611517090
job92057,4000000,1,0,72000,5889,1611517090
job92058,4000000,1,0,72000,5889,1611517090
job92059,4000000,1,0,72000,19623,1611517090
job92060,4000000,1,0,72000,5225,1611517090
job92061,4000000,1,0,72000,57055,1611517090
job92062,4000000,1,0,72000,5224,1611517090
job92063,4000000,1,0,72000,5225,1611517090
job92064,4000000,1,0,72000,28065,1611517090
job92065,4000000,1,0,72000,5328,1611517090
job92066,4000000,1,0,72000,5329,1611517090
job92067,4000000,1,0,72000,5328,1611517090
job92068,4000000,1,0,72000,5328,1611517090
job92069,4000000,1,0,72000,5328,1611517090
job92070,4000000,1,0,72000,39120,1611517090
job92071,4000000,1,0,72000,5861,1611517090
job92072,4000000,1,0,72000,5861,1611517090
job92073,4000000,1,0,72000,5861,1611517090
job92074,4000000,1,0,72000,15563,1611517090
job92075,4000000,1,0,72000,5861,1611517090
job92076,4000000,1,0,72000,5861,1611517090
job92077,4000000,1,0,72000,5861,1611517090
job92078,4000000,1,0,72000,6097,1611517090
job92079,4000000,1,0,72000,59268,1611517090
job92080,4000000,1,0,72000,6096,1611517090
job92081,4000000,1,0,72000,6096,1611517090
job92082,4000000,1,0,72000,6096,1611517090
job92083,4000000,1,0,72000,6380,1611517090
job92084,4000000,1,0,72000,6381,1611517090
job92085,4000000,1,0,72000,6380,1611517090
job92086,4000000,1,0,72000,6381,1611517090
job92087,4000000,1,0,72000,60151,1611517090
job92088,4000000,1,0,72000,28777,1611517090
job92089,4000000,1,0,72000,6382,1611517090
job92090,4000000,1,0,72000,6381,1611517090
job92091,4000000,1,0,72000,6381,1611517090
job92092,4000000,1,0,72000,6380,1611517090
job92093,4000000,1,0,72000,6381,1611517090
job92094,4000000,1,0,72000,6381,1611517090
job92095,4000000,1,0,72000,6381,1611517090
job92096,4000000,1,0,72000,4577,1611517090
job92097,4000000,1,0,72000,4577,1611517090
job92098,4000000,1,0,72000,4576,1611517090
job92099,4000000,1,0,72000,4577,1611517090
job92100,4000000,1,0,72000,4577,1611517090
job92101,4000000,1,0,72000,4737,1611517090
job92102,4000000,1,0,72000,4737,1611517090
job92103,4000000,1,0,72000,4736,1611517090
job92104,4000000,1,0,72000,4736,1611517090
job92105,4000000,1,0,72000,4399,1611517090
job92106,4000000,1,0,72000,34421,1611517090
job92107,4000000,1,0,72000,5825,1611517090
job92108,4000000,1,0,72000,5826,1611517090
job92109,4000000,1,0,72000,28396,1611517090
job92110,4000000,1,0,72000,5826,1611517090
job92111,4000000,1,0,72000,41791,1611517090
job92112,4000000,1,0,72000,5826,1611517090
job92113,4000000,1,0,72000,5342,1611517090
job92114,4000000,1,0,72000,5342,1611517090
job92115,4000000,1,0,72000,5342,1611517090
job92116,4000000,1,0,72000,5342,1611517090
job92117,4000000,1,0,72000,5341,1611517090
job92118,4000000,1,0,72000,5342,1611517090
job92119,4000000,1,0,72000,4896,1611517090
job92120,4000000,1,0,72000,4897,1611517090
job92121,4000000,1,0,72000,20746,1611517090
job92122,4000000,1,0,72000,4897,1611517090
job92123,4000000,1,0,72000,4959,1611517090
job92124,4000000,1,0,72000,4959,1611517090
job92125,4000000,1,0,72000,6451,1611517090
job92126,4000000,1,0,72000,6451,1611517090
job92127,4000000,1,0,72000,6452,1611517090
job92128,4000000,1,0,72000,6451,1611517090
job92129,4000000,1,0,72000,42326,1611517090
job92130,4000000,1,0,72000,6451,1611517090
job92131,4000000,1,0,72000,6451,1611517090
job92132,4000000,1,0,72000,6451,1611517090
job92133,4000000,1,0,72000,70043,1611517090
job92134,4000000,1,0,72000,6341,1611517090
job92135,4000000,1,0,72000,6341,1611517090
job92136,4000000,1,0,72000,6341,1611517090
job92137,4000000,1,0,72000,6341,1611517090
job92138,4000000,1,0,72000,6341,1611517090
job92139,4000000,1,0,72000,70058,1611517090
job92140,4000000,1,0,72000,6342,1611517090
job92141,4000000,1,0,72000,6342,1611517090
job92142,4000000,1,0,72000,6342,1611517090
job92143,4000000,1,0,72000,6329,1611517090
job92144,4000000,1,0,72000,57523,1611517090
job92145,4000000,1,0,72000,45298,1611517090
job92146,4000000,1,0,72000,6329,1611517090
job92147,4000000,1,0,72000,6328,1611517090
job92148,4000000,1,0,72000,6328,1611517090
job92149,4000000,1,0,72000,19309,1611517090
job92150,4000000,1,0,72000,70035,1611517090
job92151,4000000,1,0,72000,6329,1611517090
job92152,4000000,1,0,72000,62484,1611517090
job92153,4000000,1,0,72000,3921,1611517090
job92154,4000000,1,0,72000,3921,1611517090
job92155,4000000,1,0,72000,4512,1611517090
job92156,4000000,1,0,72000,4512,1611517090
job92157,4000000,1,0,72000,5368,1611517090
job92158,4000000,1,0,72000,4475,1611517090
job92159,4000000,1,0,72000,4475,1611517090
job92160,4000000,1,0,72000,5180,1611517090
job92161,4000000,1,0,72000,5180,1611517090
job92162,4000000,1,0,72000,54566,1611517090
job92163,4000000,1,0,72000,5180,1611517090
job92164,4000000,1,0,72000,6010,1611517090
job92165,4000000,1,0,72000,6010,1611517090
job92166,4000000,1,0,72000,6011,1611517090
job92167,4000000,1,0,72000,6011,1611517090
job92168,4000000,1,0,72000,6010,1611517090
job92169,4000000,1,0,72000,6010,1611517090
job92170,4000000,1,0,72000,6010,1611517090
job92171,4000000,1,0,72000,6010,1611517090
job92172,4000000,1,0,72000,16803,1611517090
job92173,4000000,1,0,72000,20046,1611517090
job92174,4000000,1,0,72000,6010,1611517090
job92175,4000000,1,0,72000,5909,1611517090
job92176,4000000,1,0,72000,5910,1611517090
job92177,4000000,1,0,72000,5909,1611517090
job92178,4000000,1,0,72000,5911,1611517090
job92179,4000000,1,0,72000,41750,1611517090
job92180,4000000,1,0,72000,5910,1611517090
job92181,4000000,1,0,72000,5910,1611517090
job92182,4000000,1,0,72000,35243,1611517090
job92183,4000000,1,0,72000,5910,1611517090
job92184,4000000,1,0,72000,5910,1611517090
job92185,4000000,1,0,72000,5909,1611517090
job92186,4000000,1,0,72000,5909,1611517090
job92187,4000000,1,0,72000,17492,1611517090
job92188,4000000,1,0,72000,5781,1611517090
job92189,4000000,1,0,72000,5781,1611517090
job92190,4000000,1,0,72000,5781,1611517090
job92191,4000000,1,0,72000,44716,1611517090
job92192,4000000,1,0,72000,5781,1611517090
job92193,4000000,1,0,72000,5781,1611517090
job92194,4000000,1,0,72000,5295,1611517090
job92195,4000000,1,0,72000,20959,1611517090
job92196,4000000,1,0,72000,5295,1611517090
job92197,4000000,1,0,72000,8182,1611517090
job92198,4000000,1,0,72000,5295,1611517090
job92199,4000000,1,0,72000,6543,1611517090
job92200,4000000,1,0,72000,21751,1611517090
job92201,4000000,1,0,72000,6543,1611517090
job92202,4000000,1,0,72000,6543,1611517090
job92203,4000000,1,0,72000,6542,1611517090
job92204,4000000,1,0,72000,59782,1611517090
job92205,4000000,1,0,72000,6543,1611517090
job92206,4000000,1,0,72000,6542,1611517090
job92207,4000000,1,0,72000,6543,1611517090
job92208,4000000,1,0,72000,6542,1611517090
job92209,4000000,1,0,72000,6543,1611517090
job92210,4000000,1,0,72000,58915,1611517090
job92211,4000000,1,0,72000,6543,1611517090
job92212,4000000,1,0,72000,6542,1611517090
job92213,4000000,1,0,72000,15678,1611517090
job92214,4000000,1,0,72000,19842,1611517090
job92215,4000000,1,0,72000,6542,1611517090
job92216,4000000,1,0,72000,6543,1611517090
job92217,4000000,1,0,72000,6543,1611517090
job92218,4000000,1,0,72000,6542,1611517090
job92219,4000000,1,0,72000,6543,1611517090
job92220,4000000,1,0,72000,6543,1611517090
job92221,4000000,1,0,72000,6544,1611517090
job92222,4000000,1,0,72000,4392,1611517090
job92223,4000000,1,0,72000,4392,1611517090
job92224,4000000,1,0,72000,4391,1611517090
job92225,4000000,1,0,72000,4391,1611517090
job92226,4000000,1,0,72000,4392,1611517090
job92227,16000000,1,0,345600,20588,1611517302
job92228,16000000,1,0,345600,32268,1611517303
job92229,16000000,1,0,345600,33136,1611517304
job92230,16000000,1,0,345600,31297,1611517305
job92231,16000000,1,0,345600,33366,1611517305
job92232,16000000,1,0,345600,31430,1611517306
job92233,16000000,1,0,345600,29899,1611517308
job92234,16000000,1,0,345600,30004,1611517309
job92235,16000000,1,0,345600,33215,1611517310
job92236,16000000,1,0,345600,22931,1611517311
job92237,16000000,1,0,345600,31703,1611517312
job92238,16000000,1,0,345600,17165,1611517313
job92239,16000000,1,0,345600,30422,1611517314
job92240,128000000,1,1,86400,694,1611517672
job92241,128000000,1,1,86400,483,1611519143
job92242,16000000,1,0,64800,319,1611519296
job92243,16000000,1,0,64800,319,1611519297
job92244,16000000,1,0,64800,319,1611519297
job92245,16000000,1,0,64800,319,1611519297
job92246,16000000,1,0,64800,316,1611519297
job92247,16000000,1,0,64800,316,1611519297
job92248,16000000,1,0,64800,41,1611519298
job92249,16000000,1,0,64800,41,1611519298
job92250,16000000,1,0,64800,17,1611519427
job92251,16000000,1,0,64800,16,1611519427
job92252,16000000,1,0,64800,186,1611519427
job92253,16000000,1,0,64800,103,1611519427
job92254,16000000,1,0,64800,74,1611519428
job92255,16000000,1,0,64800,13,1611519428
job92256,16000000,1,0,64800,13,1611519428
job92257,16000000,1,0,64800,14,1611519428
job92258,16000000,1,0,64800,1799,1611519745
job92259,16000000,1,0,64800,1450,1611519745
job92260,16000000,1,0,64800,2471,1611519745
job92261,16000000,1,0,64800,1454,1611519745
job92262,16000000,1,0,64800,7094,1611519745
job92263,16000000,1,0,64800,3589,1611519746
job92264,16000000,1,0,64800,2218,1611519746
job92265,16000000,1,0,64800,756,1611519746
job92266,16000000,1,0,64800,109,1611519749
job92267,16000000,1,0,64800,27,1611519749
job92268,16000000,1,0,64800,26,1611519749
job92269,16000000,1,0,64800,26,1611519749
job92270,16000000,1,0,64800,27,1611519750
job92271,16000000,1,0,64800,27,1611519750
job92272,16000000,1,0,64800,26,1611519750
job92273,16000000,1,0,64800,26,1611519750
job92274,10000000,10,0,7200,13,1611520105
job92275,40000000,10,0,18000,620,1611520117
job92276,300000000,1,0,604800,178385,1611520773
job92277,300000000,1,0,604800,166293,1611520773
job92278,300000000,1,0,604800,193760,1611520773
job92279,50000000,1,0,86400,733,1611521029
job92280,32000000,4,0,86400,1,1611521186
job92281,50000000,1,0,86400,282,1611521297
job92282,16000000,4,0,172800,0,1611521444
job92283,10000000,10,0,7200,5,1611522593
job92284,40000000,10,0,18000,49,1611522598
job92285,10000000,10,0,7200,2,1611523293
job92286,40000000,10,0,18000,47,1611523295
job92287,10000000,10,0,7200,2,1611523967
job92288,40000000,10,0,18000,472,1611523969
job92289,8000000,1,0,360000,1,1611525105
job92290,8000000,1,0,360000,12,1611525687
job92291,8000000,4,0,360000,77,1611525698
job92292,8000000,1,0,360000,5,1611525700
job92293,8000000,1,0,360000,1,1611525803
job92294,4000000,4,0,360000,381,1611525803
job92295,4000000,4,0,360000,386,1611525803
job92296,4000000,4,0,360000,374,1611525803
job92297,4000000,4,0,360000,391,1611525803
job92298,4000000,4,0,360000,389,1611525803
job92299,4000000,4,0,360000,429,1611525803
job92300,4000000,4,0,360000,450,1611525803
job92301,4000000,4,0,360000,302,1611525803
job92302,50000000,1,0,86400,120,1611526103
job92303,8000000,1,0,360000,5675,1611526281
job92304,4000000,4,0,360000,5250,1611526281
job92305,4000000,4,0,360000,3949,1611526281
job92306,4000000,4,0,360000,3924,1611526281
job92307,4000000,4,0,360000,1519,1611526281
job92308,4000000,4,0,360000,5476,1611526281
job92309,4000000,4,0,360000,4923,1611526281
job92310,4000000,4,0,360000,4511,1611526281
job92311,4000000,4,0,360000,6313,1611526281
job92312,4000000,4,0,360000,4990,1611526281
job92313,4000000,4,0,360000,1987,1611526281
job92314,4000000,4,0,360000,5393,1611526281
job92315,4000000,4,0,360000,3848,1611526281
job92316,4000000,4,0,360000,6095,1611526281
job92317,4000000,4,0,360000,1829,1611526281
job92318,4000000,4,0,360000,4808,1611526281
job92319,4000000,4,0,360000,3076,1611526281
job92320,4000000,4,0,360000,541,1611526281
job92321,50000000,1,0,86400,1310,1611526337
job92322,20000000,1,0,180000,542,1611527834
job92323,128000000,5,0,604800,65704,1611528349
job92324,128000000,5,0,86400,49,1611528707
job92325,50000000,1,0,86400,268,1611528801
job92326,60000000,1,0,86400,684,1611529087
job92327,128000000,5,0,86400,67231,1611529089
job92328,50000000,1,0,86400,223,1611529859
job92329,50000000,1,0,86400,1,1611530147
job92330,50000000,1,0,86400,78,1611530203
job92331,50000000,1,0,86400,78,1611530433
job92332,40000000,40,0,259200,3,1611532042
job92333,40000000,40,0,259200,3,1611532042
job92334,40000000,40,0,259200,2,1611532044
job92335,40000000,40,0,259200,2,1611532044
job92336,40000000,40,0,259200,1,1611532156
job92337,40000000,40,0,259200,1,1611532156
job92338,40000000,40,0,259200,2,1611532164
job92339,40000000,40,0,259200,2,1611532164
job92340,40000000,40,0,259200,2,1611532169
job92341,40000000,40,0,259200,2,1611532169
job92342,40000000,40,0,259200,2,1611532256
job92343,40000000,40,0,259200,2,1611532256
job92344,40000000,40,0,259200,2,1611532260
job92345,40000000,40,0,259200,2,1611532260
job92346,40000000,40,0,259200,2,1611532263
job92347,40000000,40,0,259200,2,1611532263
job92348,100000000,1,0,86400,56,1611532292
job92349,16000000,4,0,172800,17,1611532331
job92350,40000000,40,0,259200,592,1611532357
job92351,40000000,40,0,259200,592,1611532357
job92352,16000000,4,0,172800,3,1611532495
job92353,40000000,40,0,259200,123,1611532974
job92354,40000000,40,0,259200,123,1611532974
job92355,40000000,40,0,259200,1530,1611533109
job92356,40000000,40,0,259200,1618,1611533109
job92357,40000000,40,0,259200,77,1611533113
job92358,50000000,1,0,86400,204,1611533325
job92359,40000000,40,0,82800,11199,1611534762
job92360,40000000,40,0,82800,18538,1611534762
job92361,40000000,40,0,82800,1538,1611534763
job92362,40000000,40,0,82800,1516,1611534763
job92363,40000000,40,0,82800,198,1611534766
job92364,40000000,40,0,82800,211,1611534766
job92365,20000000,1,0,86400,3,1611534888
job92366,32000000,1,1,604800,558777,1611534908
job92367,20000000,1,0,86400,18,1611534976
job92368,128000000,1,1,86400,151,1611536510
job92369,128000000,1,1,86400,23,1611537200
job92370,128000000,1,1,86400,17,1611537537
job92371,128000000,1,1,86400,23,1611537621
job92372,128000000,1,1,86400,25,1611538273
job92373,8000000,1,0,360000,57,1611538317
job92374,5000000,4,0,360000,582,1611538317
job92375,5000000,4,0,360000,618,1611538317
job92376,5000000,4,0,360000,674,1611538317
job92377,5000000,4,0,360000,839,1611538317
job92378,5000000,4,0,360000,805,1611538317
job92379,5000000,4,0,360000,862,1611538317
job92380,5000000,4,0,360000,924,1611538317
job92381,5000000,4,0,360000,842,1611538317
job92382,5000000,4,0,360000,861,1611538317
job92383,5000000,4,0,360000,969,1611538317
job92384,5000000,4,0,360000,998,1611538317
job92385,5000000,4,0,360000,939,1611538317
job92386,5000000,4,0,360000,964,1611538317
job92387,5000000,4,0,360000,921,1611538317
job92388,5000000,4,0,360000,838,1611538317
job92389,5000000,4,0,360000,1152,1611538317
job92390,5000000,4,0,360000,971,1611538317
job92391,5000000,4,0,360000,755,1611538317
job92392,5000000,4,0,360000,675,1611538317
job92393,128000000,1,1,86400,28,1611538403
job92394,50000000,1,0,172800,36193,1611538518
job92395,50000000,1,0,172800,37063,1611538518
job92396,50000000,1,0,172800,33,1611538519
job92397,50000000,1,0,172800,36392,1611538526
job92398,50000000,1,0,172800,37436,1611538526
job92399,8000000,1,0,360000,2,1611539577
job92400,8000000,4,0,360000,25,1611539577
job92401,8000000,1,0,360000,4,1611539612
job92402,4000000,4,0,360000,165,1611539612
job92403,4000000,4,0,360000,171,1611539612
job92404,4000000,4,0,360000,169,1611539612
job92405,4000000,4,0,360000,171,1611539612
job92406,4000000,4,0,360000,194,1611539612
job92407,4000000,4,0,360000,189,1611539612
job92408,4000000,4,0,360000,189,1611539612
job92409,4000000,4,0,360000,150,1611539612
job92410,4000000,4,0,360000,178899,1611539855
job92411,4000000,4,0,360000,141414,1611539855
job92412,4000000,4,0,360000,136176,1611539855
job92413,4000000,4,0,360000,53571,1611539855
job92414,4000000,4,0,360000,22345,1611539855
job92415,10000000,1,0,208800,2,1611541010
job92416,10000000,1,0,208800,6960,1611541136
job92417,96000000,24,0,82800,22682,1611542083
job92418,128000000,1,1,604800,21750,1611542165
job92419,128000000,1,1,604800,9999,1611542403
job92420,128000000,1,1,604800,181,1611542667
job92421,128000000,1,1,604800,162350,1611542911
job92422,50000000,1,0,86400,294,1611544856
job92423,20000000,1,0,180000,454,1611545191
job92424,32000000,4,0,129600,4168,1611545751
job92425,50000000,1,0,86400,285,1611545753
job92426,32000000,4,0,129600,14627,1611545768
job92427,32000000,4,0,129600,15678,1611545768
job92428,32000000,4,0,129600,15577,1611545768
job92429,32000000,4,0,129600,14042,1611545768
job92430,32000000,4,0,129600,15753,1611545769
job92431,32000000,4,0,129600,13299,1611545769
job92432,60000000,1,0,86400,1036,1611546791
job92433,200000000,1,0,259200,26,1611547306
job92434,4000000,1,0,1080000,814807,1611548042
job92435,60000000,3,0,36000,7427,1611548931
job92436,60000000,3,0,36000,7427,1611548931
job92437,60000000,3,0,36000,7427,1611548931
job92438,60000000,3,0,36000,7427,1611548931
job92439,60000000,3,0,36000,7427,1611548931
job92440,60000000,1,0,86400,290,1611549643
job92441,200000000,1,0,259200,159026,1611551253
job92442,8000000,1,0,86400,110,1611551355
job92443,16000000,1,0,345600,36706,1611551701
job92444,16000000,1,0,345600,36453,1611551702
job92445,16000000,1,0,345600,35441,1611551703
job92446,16000000,1,0,345600,35423,1611551704
job92447,16000000,1,0,345600,29595,1611551704
job92448,16000000,1,0,345600,32325,1611551705
job92449,16000000,1,0,345600,35667,1611551706
job92450,16000000,1,0,345600,37180,1611551706
job92451,16000000,1,0,345600,35381,1611551707
job92452,16000000,1,0,345600,3230,1611551708
job92453,16000000,1,0,345600,38384,1611551708
job92454,16000000,1,0,345600,32503,1611551709
job92455,16000000,1,0,345600,34217,1611551710
job92456,16000000,1,0,345600,38351,1611551711
job92457,16000000,1,0,345600,36222,1611551711
job92458,48000000,1,0,86400,6667,1611552413
job92459,4000000,1,0,86400,11,1611552413
job92460,4000000,1,0,86400,11,1611552413
job92461,48000000,1,0,86400,7495,1611552569
job92462,4000000,1,0,86400,14,1611552569
job92463,4000000,1,0,86400,12,1611552569
job92464,24000000,1,0,86400,219,1611553790
job92465,4000000,1,0,72000,41077,1611553792
job92466,60000000,3,0,36000,2319,1611553917
job92467,60000000,3,0,36000,2319,1611553917
job92468,24000000,1,0,86400,129,1611553945
job114707,4000000,1,0,1080000,814807,1611548042
